{
	"parent": "block/block",
	"textures": {
		"particle": "#all"
	},
	"elements": [
		{
			"name": "Element",
			"from": [
				0,
				0,
				0
			],
			"to": [
				16,
				16,
				16
			],
			"faces": {
				"north": {
					"uv": [
						0,
						0,
						16,
						16
					],
					"texture": "#all",
					"cullface": "north"
				},
				"east": {
					"uv": [
						0,
						0,
						16,
						16
					],
					"texture": "#all",
					"cullface": "east"
				},
				"south": {
					"uv": [
						0,
						0,
						16,
						16
					],
					"texture": "#all",
					"cullface": "south"
				},
				"west": {
					"uv": [
						0,
						0,
						16,
						16
					],
					"texture": "#all",
					"cullface": "west"
				},
				"up": {
					"uv": [
						0,
						0,
						16,
						16
					],
					"texture": "#all",
					"cullface": "up"
				},
				"down": {
					"uv": [
						16,
						16,
						0,
						0
					],
					"texture": "#all",
					"cullface": "down"
				}
			}
		},
		{
			"name": "bushy_bottom1",
			"from": [
				13.9375,
				-8,
				-6.875
			],
			"to": [
				13.9385,
				24,
				25.125
			],
			"shade": false,
			"rotation": {
				"angle": -22.5,
				"axis": "y",
				"origin": [
					14.0625,
					-10,
					-6.6875
				]
			},
			"faces": {
				"east": {
					"uv": [
						0,
						0,
						16,
						16
					],
					"texture": "#bushy_bottom"
				},
				"west": {
					"uv": [
						0,
						0,
						16,
						16
					],
					"texture": "#bushy_bottom"
				}
			}
		},
		{
			"name": "bushy_bottom2",
			"from": [
				-7.1875,
				-8,
				1.625
			],
			"to": [
				24.8125,
				24,
				1.626
			],
			"shade": false,
			"rotation": {
				"angle": -22.5,
				"axis": "y",
				"origin": [
					-7,
					-10,
					1.5
				]
			},
			"faces": {
				"north": {
					"uv": [
						0,
						0,
						16,
						16
					],
					"texture": "#bushy_bottom"
				},
				"south": {
					"uv": [
						0,
						0,
						16,
						16
					],
					"texture": "#bushy_bottom"
				}
			}
		},
		{
			"name": "bushy_top1",
			"from": [
				-6.6876,
				-8,
				13.7498
			],
			"to": [
				25.3124,
				24,
				13.7508
			],
			"shade": false,
			"rotation": {
				"angle": 22.5,
				"axis": "y",
				"origin": [
					-6.5,
					-10,
					13.625
				]
			},
			"faces": {
				"north": {
					"uv": [
						0,
						0,
						16,
						16
					],
					"texture": "#bushy_top"
				},
				"south": {
					"uv": [
						0,
						0,
						16,
						16
					],
					"texture": "#bushy_top"
				}
			}
		},
		{
			"name": "bushy_top2",
			"from": [
				13.9999,
				-8,
				-9.3125
			],
			"to": [
				14.0009,
				24,
				22.6875
			],
			"shade": false,
			"rotation": {
				"angle": 22.5,
				"axis": "y",
				"origin": [
					13.875,
					-10,
					22.5
				]
			},
			"faces": {
				"east": {
					"uv": [
						0,
						0,
						16,
						16
					],
					"texture": "#bushy_top"
				},
				"west": {
					"uv": [
						0,
						0,
						16,
						16
					],
					"texture": "#bushy_top"
				}
			}
		}
	]
}